{"accuracy_list": [0.859375, 0.84375, 0.875, 0.875, 0.859375, 0.890625, 0.890625, 0.875, 0.859375, 0.84375], "sensitivity_list": [0.75, 0.75, 0.7916666666666666, 0.75, 0.7916666666666666, 0.75, 0.7916666666666666, 0.8333333333333334, 0.7916666666666666, 0.75], "specificity_list": [0.925, 0.9, 0.925, 0.95, 0.9, 0.975, 0.95, 0.9, 0.9, 0.9], "precision_list": [0.8571428571428571, 0.8181818181818182, 0.8636363636363636, 0.9, 0.8260869565217391, 0.9473684210526315, 0.9047619047619048, 0.8333333333333334, 0.8260869565217391, 0.8181818181818182], "f1_score_list": [0.7999999999999999, 0.7826086956521738, 0.8260869565217391, 0.8181818181818182, 0.8085106382978724, 0.8372093023255814, 0.8444444444444444, 0.8333333333333334, 0.8085106382978724, 0.7826086956521738]}