{"accuracy_list": [0.90625, 0.90625, 0.875, 0.890625, 0.921875, 0.90625, 0.90625, 0.90625, 0.890625, 0.90625], "sensitivity_list": [0.8333333333333334, 0.7916666666666666, 0.8333333333333334, 0.7916666666666666, 0.875, 0.8333333333333334, 0.8333333333333334, 0.875, 0.8333333333333334, 0.7916666666666666], "specificity_list": [0.95, 0.975, 0.9, 0.95, 0.95, 0.95, 0.95, 0.925, 0.925, 0.975], "precision_list": [0.9090909090909091, 0.95, 0.8333333333333334, 0.9047619047619048, 0.9130434782608695, 0.9090909090909091, 0.9090909090909091, 0.875, 0.8695652173913043, 0.95], "f1_score_list": [0.8695652173913043, 0.8636363636363635, 0.8333333333333334, 0.8444444444444444, 0.8936170212765957, 0.8695652173913043, 0.8695652173913043, 0.875, 0.851063829787234, 0.8636363636363635]}