{"accuracy_list": [0.890625, 0.875], "sensitivity_list": [0.75, 0.75], "specificity_list": [0.975, 0.95], "precision_list": [0.9473684210526315, 0.9], "f1_score_list": [0.8372093023255814, 0.8181818181818182]}