{"accuracy_list": [0.76, 0.72, 0.72, 0.72, 0.68, 0.72, 0.68, 0.8, 0.8, 0.72], "sensitivity_list": [0.875, 0.8125, 0.8125, 0.8125, 0.8125, 0.8125, 0.8125, 0.875, 0.875, 0.8125], "specificity_list": [0.5555555555555556, 0.5555555555555556, 0.5555555555555556, 0.5555555555555556, 0.4444444444444444, 0.5555555555555556, 0.4444444444444444, 0.6666666666666666, 0.6666666666666666, 0.5555555555555556], "precision_list": [0.7777777777777778, 0.7647058823529411, 0.7647058823529411, 0.7647058823529411, 0.7222222222222222, 0.7647058823529411, 0.7222222222222222, 0.8235294117647058, 0.8235294117647058, 0.7647058823529411], "f1_score_list": [0.823529411764706, 0.787878787878788, 0.787878787878788, 0.787878787878788, 0.7647058823529411, 0.787878787878788, 0.7647058823529411, 0.8484848484848485, 0.8484848484848485, 0.787878787878788]}