{"accuracy_list": [0.890625, 0.875, 0.828125, 0.859375, 0.84375, 0.796875, 0.84375, 0.875, 0.84375, 0.828125], "sensitivity_list": [0.75, 0.75, 0.6666666666666666, 0.7916666666666666, 0.75, 0.7083333333333334, 0.7083333333333334, 0.75, 0.75, 0.7083333333333334], "specificity_list": [0.975, 0.95, 0.925, 0.9, 0.9, 0.85, 0.925, 0.95, 0.9, 0.9], "precision_list": [0.9473684210526315, 0.9, 0.8421052631578947, 0.8260869565217391, 0.8181818181818182, 0.7391304347826086, 0.85, 0.9, 0.8181818181818182, 0.8095238095238095], "f1_score_list": [0.8372093023255814, 0.8181818181818182, 0.744186046511628, 0.8085106382978724, 0.7826086956521738, 0.723404255319149, 0.7727272727272727, 0.8181818181818182, 0.7826086956521738, 0.7555555555555556]}