{"accuracy_list": [0.9288888888888889, 0.92, 0.9466666666666667, 0.9288888888888889, 0.9111111111111111, 0.9244444444444444, 0.9422222222222222, 0.9422222222222222, 0.9155555555555556, 0.9333333333333333], "sensitivity_list": [0.825, 0.85, 0.875, 0.825, 0.8125, 0.825, 0.8625, 0.8375, 0.8, 0.8375], "specificity_list": [0.9862068965517241, 0.9586206896551724, 0.9862068965517241, 0.9862068965517241, 0.9655172413793104, 0.9793103448275862, 0.9862068965517241, 1.0, 0.9793103448275862, 0.9862068965517241], "precision_list": [0.9705882352941176, 0.918918918918919, 0.9722222222222222, 0.9705882352941176, 0.9285714285714286, 0.9565217391304348, 0.971830985915493, 1.0, 0.9552238805970149, 0.9710144927536232], "f1_score_list": [0.8918918918918919, 0.8831168831168831, 0.9210526315789473, 0.8918918918918919, 0.8666666666666666, 0.8859060402684564, 0.9139072847682119, 0.9115646258503401, 0.870748299319728, 0.8993288590604026]}