{"accuracy_list": [0.890625, 0.890625, 0.890625, 0.875, 0.859375, 0.9375, 0.890625, 0.890625, 0.828125, 0.890625], "sensitivity_list": [0.8333333333333334, 0.8333333333333334, 0.7916666666666666, 0.7916666666666666, 0.7916666666666666, 0.875, 0.7916666666666666, 0.7916666666666666, 0.75, 0.8333333333333334], "specificity_list": [0.925, 0.925, 0.95, 0.925, 0.9, 0.975, 0.95, 0.95, 0.875, 0.925], "precision_list": [0.8695652173913043, 0.8695652173913043, 0.9047619047619048, 0.8636363636363636, 0.8260869565217391, 0.9545454545454546, 0.9047619047619048, 0.9047619047619048, 0.782608695652174, 0.8695652173913043], "f1_score_list": [0.851063829787234, 0.851063829787234, 0.8444444444444444, 0.8260869565217391, 0.8085106382978724, 0.9130434782608695, 0.8444444444444444, 0.8444444444444444, 0.7659574468085107, 0.851063829787234]}