{"accuracy_list": [0.68, 0.64, 0.68, 0.72, 0.72, 0.68, 0.68, 0.64, 0.68, 0.68], "sensitivity_list": [0.75, 0.75, 0.75, 0.75, 0.75, 0.75, 0.75, 0.75, 0.75, 0.75], "specificity_list": [0.5555555555555556, 0.4444444444444444, 0.5555555555555556, 0.6666666666666666, 0.6666666666666666, 0.5555555555555556, 0.5555555555555556, 0.4444444444444444, 0.5555555555555556, 0.5555555555555556], "precision_list": [0.75, 0.7058823529411765, 0.75, 0.8, 0.8, 0.75, 0.75, 0.7058823529411765, 0.75, 0.75], "f1_score_list": [0.75, 0.7272727272727272, 0.75, 0.7741935483870969, 0.7741935483870969, 0.75, 0.75, 0.7272727272727272, 0.75, 0.75]}