{"accuracy_list": [0.828125, 0.890625, 0.84375, 0.828125, 0.859375, 0.8125, 0.84375, 0.875, 0.890625, 0.890625], "sensitivity_list": [0.7083333333333334, 0.7916666666666666, 0.7083333333333334, 0.625, 0.7083333333333334, 0.7083333333333334, 0.6666666666666666, 0.75, 0.7916666666666666, 0.7083333333333334], "specificity_list": [0.9, 0.95, 0.925, 0.95, 0.95, 0.875, 0.95, 0.95, 0.95, 1.0], "precision_list": [0.8095238095238095, 0.9047619047619048, 0.85, 0.8823529411764706, 0.8947368421052632, 0.7727272727272727, 0.8888888888888888, 0.9, 0.9047619047619048, 1.0], "f1_score_list": [0.7555555555555556, 0.8444444444444444, 0.7727272727272727, 0.7317073170731708, 0.7906976744186046, 0.7391304347826088, 0.761904761904762, 0.8181818181818182, 0.8444444444444444, 0.8292682926829268]}