{"accuracy_list": [0.76, 0.72, 0.76, 0.72, 0.8, 0.72, 0.72, 0.76, 0.76, 0.76], "sensitivity_list": [0.8125, 0.75, 0.75, 0.75, 0.8125, 0.75, 0.75, 0.75, 0.75, 0.8125], "specificity_list": [0.6666666666666666, 0.6666666666666666, 0.7777777777777778, 0.6666666666666666, 0.7777777777777778, 0.6666666666666666, 0.6666666666666666, 0.7777777777777778, 0.7777777777777778, 0.6666666666666666], "precision_list": [0.8125, 0.8, 0.8571428571428571, 0.8, 0.8666666666666667, 0.8, 0.8, 0.8571428571428571, 0.8571428571428571, 0.8125], "f1_score_list": [0.8125, 0.7741935483870969, 0.7999999999999999, 0.7741935483870969, 0.8387096774193549, 0.7741935483870969, 0.7741935483870969, 0.7999999999999999, 0.7999999999999999, 0.8125]}